{"player_cash": 10000.0, "player_shares": 0, "stock_price": 50.923564112750505, "stock_history": [50.0, 47.8287960013477, 49.12751750695647, 47.904857287527406, 47.88562639225328, 49.70960727924462, 50.20061436146609, 51.93880189314455, 54.18117616957316, 55.0208083908064, 54.30630918204815, 51.651347619436805, 53.163533263827894, 52.19633683061554, 52.7080119830432, 54.41181078673529, 55.64490741961112, 57.0482541746841, 54.767655788334444, 54.89796946164498, 55.99717422638543, 54.7579551020714, 54.680123027113545, 55.60763889187538, 53.73478871575448, 54.42966797410085, 54.086611953193604, 53.33112802204689, 52.10879153327885, 52.08177402440759, 52.69659753784648, 53.981659317617904, 52.36375923790222, 51.61088921990621, 51.80402151873732, 53.17070860278925, 50.923564112750505]}