{"player_cash": 10000.0, "player_shares": 0, "stock_price": 49.145450896550514, "stock_history": [50.0, 49.10521293505439, 49.028960191270706, 49.52063375844706, 50.876529702383216, 51.57581525790847, 52.89760026001234, 52.75879278152456, 51.83897455187456, 50.75142675661461, 51.92893439124245, 49.28119750083976, 49.145450896550514]}